dataset_size,duration
100,2338.43507504
500,2517.72754908
1000,2742.81145692
10000,6815.78203702
20000,11348.854001
