dataset_size,duration
100,88.075813055
500,256.997177124
1000,479.061012983
10000,4504.55330682
20000,8950.69049287
